{"cameraMode":{"drawMode":0,"name":"Shaded","section":"Shading Mode"},"sceneLighting":true,"audioPlay":false,"sceneViewState":{"m_AlwaysRefresh":false,"showFog":true,"showSkybox":true,"showFlares":true,"showImageEffects":true,"showParticleSystems":true,"showVisualEffectGraphs":true,"m_FxEnabled":true},"in2DMode":false,"pivot":{"x":42.491939544677737,"y":2.5566678047180177,"z":14.276322364807129},"rotation":{"x":0.36794033646583559,"y":-0.0724237710237503,"z":0.028758972883224489,"w":0.926579475402832},"size":15.051454544067383,"orthographic":true}