{"cameraMode":{"drawMode":0,"name":"Shaded","section":"Shading Mode"},"sceneLighting":false,"audioPlay":false,"sceneViewState":{"m_AlwaysRefresh":false,"showFog":true,"showSkybox":false,"showFlares":true,"showImageEffects":true,"showParticleSystems":true,"showVisualEffectGraphs":true,"m_FxEnabled":true},"in2DMode":false,"pivot":{"x":0.06110545992851257,"y":1.2710999250411988,"z":-0.03369539976119995},"rotation":{"x":0.36794033646583559,"y":-0.0724237710237503,"z":0.028758972883224489,"w":0.926579475402832},"size":1.6711609363555909,"orthographic":true}